run,started,config,base_image,commit,attempt,status,repo_kb,repo_nogit_kb,first_start_s,build_s,container_start_s,base_download_s,base_extract_s,apt_s,compile_s,export_s,ram_idle_mb,cpu_idle_pct,samples,cpu_mean_pct,cpu_peak_pct,cpu_core_s,iowait_mean_pct,iowait_peak_pct,ram_mean_mb,ram_mean_pct,ram_peak_mb,ram_peak_pct,base_disk_mb,base_content_mb,image_disk_mb,image_content_mb,container_rw_mb,container_virtual_mb,build_cache_mb,disk_delta_mb,tests_rc,tests_pass,tests_fail
1,2026-10-05 10:17:13,stock,ubuntu:22.04,cff2910,1,ok,1452,648,300.6,280.9,19.7,2.6,2.3,174.4,13.4,72.7,441,0.4,297,21.6,56,257,11.3,84,544,13.9,603,15.4,109.000,29.700,512.000,132.000,4.400,384.000,512.800,821,0,8,0
2,2026-10-05 10:31:48,kria,al3monni/kria-ubuntu:22.04.5,cff2910,1,ok,1452,648,982.2,965.0,17.3,106.4,442.9,306.6,13.4,77.3,450,0.4,968,17.3,69,670,25.6,95,557,14.2,663,17.0,7330.000,2070.000,7690.000,2170.000,4.400,5530.000,7715.000,7992,0,8,0
3,2026-10-05 10:51:03,stock,ubuntu:22.04,cff2910,1,ok,1452,648,294.9,275.9,19.0,2.4,2.4,172.1,11.4,72.0,512,0.0,293,21.9,61,256,11.4,75,590,15.1,660,16.9,109.000,29.700,512.000,132.000,4.400,384.000,512.800,821,0,8,0
4,2026-10-05 10:59:13,kria,al3monni/kria-ubuntu:22.04.5,cff2910,1,ok,1452,648,934.7,914.3,20.5,105.1,395.3,305.1,12.7,77.3,516,0.4,922,18.2,68,670,24.3,92,582,14.9,691,17.7,7330.000,2070.000,7690.000,2170.000,4.400,5530.000,7715.000,7983,0,8,0
5,2026-10-05 11:17:40,stock,ubuntu:22.04,cff2910,1,ok,1452,648,294.2,275.1,19.0,2.5,2.3,171.2,10.8,72.8,508,0.4,291,22.0,61,256,10.8,75,593,15.2,660,16.9,109.000,29.700,512.000,132.000,4.400,384.000,512.800,821,0,8,0
6,2026-10-05 11:25:49,kria,al3monni/kria-ubuntu:22.04.5,cff2910,1,ok,1452,648,936.6,932.3,4.3,104.5,393.7,315.6,12.0,89.2,521,0.2,919,17.9,68,659,24.0,83,590,15.1,688,17.6,7330.000,2070.000,7690.000,2170.000,4.400,5530.000,7715.000,7984,0,8,0
7,2026-10-05 11:44:18,stock,ubuntu:22.04,cff2910,1,ok,1452,648,297.1,276.4,20.7,2.8,2.3,173.0,10.6,72.0,523,0.4,292,22.1,56,258,10.3,72,600,15.3,669,17.1,109.000,29.700,512.000,132.000,4.400,384.000,512.800,821,0,8,0
8,2026-10-05 11:52:35,kria,al3monni/kria-ubuntu:22.04.5,cff2910,1,ok,1452,648,921.9,898.2,23.7,105.0,367.7,320.9,12.1,76.5,531,0.4,905,18.2,68,657,24.6,100,592,15.1,694,17.7,7330.000,2070.000,7690.000,2170.000,4.400,5530.000,7715.000,7984,0,8,0
9,2026-10-05 12:10:49,stock,ubuntu:22.04,cff2910,1,ok,1452,648,286.3,267.6,18.7,3.0,2.3,164.2,11.5,71.8,524,0.4,285,22.6,57,258,10.7,79,609,15.6,672,17.2,109.000,29.700,512.000,132.000,4.400,384.000,512.800,821,0,8,0
10,2026-10-05 12:18:49,kria,al3monni/kria-ubuntu:22.04.5,cff2910,1,ok,1452,648,928.3,911.7,16.6,106.0,376.0,324.2,12.1,77.4,541,0.6,910,18.2,69,661,24.3,92,595,15.2,697,17.8,7330.000,2070.000,7690.000,2170.000,4.400,5530.000,7715.000,7983,0,8,0
11,2026-10-05 12:37:10,stock,ubuntu:22.04,cff2910,1,ok,1452,648,298.5,279.0,19.6,2.8,2.4,176.0,10.6,72.1,517,0.0,296,21.7,56,256,11.5,71,605,15.5,668,17.1,109.000,29.700,512.000,132.000,4.400,384.000,512.800,821,0,8,0
12,2026-10-05 12:45:21,kria,al3monni/kria-ubuntu:22.04.5,cff2910,1,ok,1452,648,929.9,912.6,17.4,105.3,378.4,323.2,12.0,77.0,536,0.2,909,18.1,68,657,24.4,94,580,14.8,682,17.4,7330.000,2070.000,7690.000,2170.000,4.400,5530.000,7715.000,7983,0,8,0
13,2026-10-05 13:03:43,stock,ubuntu:22.04,cff2910,1,ok,1452,648,290.1,271.2,18.9,0.0,2.3,168.9,11.5,71.0,520,0.2,288,22.2,56,256,10.9,75,591,15.1,663,17.0,109.000,29.700,512.000,132.000,4.400,384.000,512.800,821,0,8,0
14,2026-10-05 13:11:47,kria,al3monni/kria-ubuntu:22.04.5,cff2910,1,ok,1452,648,917.2,900.8,16.4,104.6,382.1,308.5,12.9,77.0,523,0.4,901,18.3,68,661,23.6,75,584,14.9,690,17.6,7330.000,2070.000,7690.000,2170.000,4.400,5530.000,7714.000,7983,0,8,0
15,2026-10-05 13:29:56,stock,ubuntu:22.04,cff2910,1,ok,1452,648,289.8,271.6,18.3,2.2,2.3,165.5,13.0,72.4,511,0.4,288,22.1,62,254,11.2,81,590,15.1,657,16.8,109.000,29.700,512.000,132.000,4.400,384.000,512.800,821,0,8,0
16,2026-10-05 13:38:12,kria,al3monni/kria-ubuntu:22.04.5,cff2910,1,ok,1452,648,931.1,914.3,16.7,105.7,387.2,316.0,12.9,76.9,537,0.2,912,18.1,68,660,24.5,98,586,15.0,686,17.5,7330.000,2070.000,7690.000,2170.000,4.400,5530.000,7714.000,7983,0,8,0
17,2026-10-05 13:56:35,stock,ubuntu:22.04,cff2910,1,ok,1452,648,295.3,276.0,19.3,2.2,2.3,171.7,11.4,71.8,518,0.2,294,21.7,60,256,12.2,83,607,15.5,670,17.1,109.000,29.700,512.000,132.000,4.400,384.000,512.800,821,0,8,0
18,2026-10-05 14:04:47,kria,al3monni/kria-ubuntu:22.04.5,cff2910,1,ok,1452,648,916.7,900.6,16.1,105.9,361.1,323.5,14.4,79.0,533,0.4,902,18.1,69,655,24.1,98,588,15.0,691,17.7,7330.000,2070.000,7690.000,2170.000,4.400,5530.000,7714.000,7983,0,8,0
19,2026-10-05 14:22:56,stock,ubuntu:22.04,cff2910,1,ok,1452,648,294.5,275.3,19.1,2.6,2.3,171.4,10.9,71.5,527,0.0,292,21.9,62,255,11.7,73,597,15.3,661,16.9,109.000,29.700,512.000,132.000,4.400,384.000,512.800,821,0,8,0
20,2026-10-05 14:31:06,kria,al3monni/kria-ubuntu:22.04.5,cff2910,1,ok,1452,648,920.3,900.2,20.1,105.7,375.2,311.3,12.1,77.3,549,0.4,899,18.2,68,656,24.3,99,591,15.1,688,17.6,7330.000,2070.000,7690.000,2170.000,4.400,5530.000,7714.000,7983,0,8,0
